,ZT0 Tx,ZT0 V,ZT12 Tx,ZT12 V
0610031O16RIK,180.2436691692491,252.1411081286538,251.45515017990996,331.09673558288887
1110059E24RIK,66.13728037450119,63.003201459074525,97.41999603809018,102.40264921515234
1110065P20RIK,100.55078125851907,127.59748954402285,158.5605363640566,121.5406833245528
1700092C10RIK,3.986291061911662,8.9244680288979,20.327870335881425,12.557027683468633
2010003K11RIK,156.57984659801744,57.88081614399104,48.383404688518034,61.10719786643477
2310061I04RIK,152.68570174142764,161.67501919804903,203.81959564641707,222.61343279414328
4732465J04RIK,388.2970116408288,411.5680631893579,213.6102698924769,324.57870598060816
4931406C07RIK,2550.2347196388987,2303.301876895008,1902.6089944230266,2233.170831345929
5430416N02RIK,89.0693758299218,104.37542795740552,125.76142758947913,124.43327575693871
6430548M08RIK,157.56993336552523,147.9964073603056,224.28361895837122,165.72912151362812
9430062P05RIK,4.012570612227178,15.292109123394843,16.731182464299128,15.072698109749497
9530086O07RIK,63.399435731794064,29.321969015024496,29.709812308457682,37.43585754326498
A530072M11RIK,20.805334247157965,13.536608055227703,5.292247842691291,7.733629769629316
ABCA3,3491.568017537205,3277.8287148803097,2322.9463039373327,2524.5478291469985
ABCA8A,1141.941531619667,2216.836688402576,1987.050635537826,2105.1562212444524
ABCB10,377.3304431483309,441.65294327294947,472.5090013658411,543.2706097833988
ABCG1,173.6224337401632,184.4934800968968,256.6160908597751,224.5467641933552
ACMSD,680.1305509932889,645.8509728013511,326.9785573279666,193.9397020539077
ACOT1,609.7220047964287,719.9889091194309,364.8742000138607,554.3723830694975
ACP3,243.23338616620595,92.07040760642721,76.01182598250334,64.23061120022375
ACSL3,279.7562404110878,373.09640852236186,485.7565348855878,395.66998646256536
ACSL4,923.2018240061434,1024.6933413209972,1275.1562197229462,1117.2281573716411
ACSS3,1076.2839369280327,1163.2687060676253,623.7011209768516,953.4564494442739
ACTB,16844.704163849427,12794.358215463371,10795.413503860558,9947.7903268497
ACTB-PS1,51.28510316989521,27.995312954716805,19.209907948025002,17.78977535922827
ACTMAP,181.621295414302,187.27556395007926,235.80464105013277,231.07383171177645
ADAMTS7,132.8112413839588,224.77564209495068,377.17258285688865,270.32951300867353
ADGRF1,72.46056904719961,79.21907437008558,139.89392428887948,88.28550299690289
ADNP2,158.79210023441425,166.57329203464445,101.79052715895573,129.12568607172165
ADRB3,68.71522978958602,63.83188575230046,102.5716144546217,71.855065578584
ADRM1B,58.379370504660436,36.12341402292737,27.32500041301533,33.21851055271399
AEN,277.2482579440326,170.1829157407594,169.86454179964696,188.50077265838286
AGAP1,399.6163039160745,460.45559623079924,500.70128048039845,510.78911363588696
AGBL5,78.20127176149823,91.95434542074746,117.35745593491558,129.88599696471883
AGFG2,446.5231406950545,554.3748866702431,629.1003901662998,656.7925573557214
AGXT,3405.9137719978767,3272.8500266304795,2228.1897548399747,3061.1957832454395
AHSG,91886.753350529,96005.27000077176,117837.95234555338,99961.36644130424
ALDH1A1,16453.849164125077,15124.798747927618,9804.127713140193,14914.499975939849
ALDH1A7,3161.789974738661,2550.045520640177,1691.9960703999109,1784.157687384919
AMOTL2,623.551497464459,664.9115536206092,804.577484339455,1000.0845331220721
ANGPTL2,154.88908367490757,192.88317807036123,207.75059958115978,274.69358421656324
ANKS4B,753.2088572521207,825.6291253023873,1047.7150150665714,963.5011937865909
ANPEP,2023.6026540795242,1996.631979800494,2532.5649432695495,2636.5984636471244
APC2,6.031995693498524,15.384343819140849,17.287473546248833,13.50601934230178
APOA1,46465.549790210614,39397.46426560301,63911.15941710619,51517.86750109037
APOL7A,1156.5071872549668,1377.8150383244817,1796.2926004532487,1615.7407432300897
APON,4070.960941377167,3228.0056172216932,2811.672306367162,2412.4678078024995
AQP9,4089.3634113585317,4003.684983364806,5313.336691476347,5600.712030593198
ARHGAP6,210.00058267909213,188.30380516892745,126.17106898894157,158.83892380135708
ARHGDIB,53.59582123036644,64.52375563390187,80.73542489045914,63.591969934502934
ARID5B,1180.4964473833254,1227.5271995761393,1662.8539346978127,2468.093683316035
ARL1,556.7831723239502,576.6642448342819,753.4383428897294,689.4608765815424
ARRDC4,318.142724802642,217.32005323588893,150.60466692931644,159.79484598368657
ASAP1,496.8947778226593,447.18151282291615,339.6574365608689,335.1570648646179
ASAP3,276.9832445151483,280.9896609294623,448.4764724672826,306.17546453143336
ASPG,4243.824026217463,2922.0835319001926,2604.2108589958416,3077.3592115138918
ASS1,69797.00969648917,52070.092130049976,43386.7087027545,45709.862892632365
ATOH8,306.76421964957757,203.96083042137258,123.26597500014303,182.09889720515235
ATP6V0D2,92.84321256358011,70.91639093529004,186.37188274667662,120.45101580405382
ATP6V1G1,393.18346119065563,390.08479011794054,490.7668838435891,449.22504886321343
ATP7B,783.3007511388778,762.3631405732475,961.6993238953359,977.1548226307445
ATXN7L3,385.9644498815005,419.60089622235137,461.7095136426069,477.97891120734243
ATXN7L3B,1440.689481747707,1308.9788341720782,1034.1667751386697,1089.4569459003608
AXIN2,296.7592404485427,239.4015950970454,184.18129725105425,169.0820822897146
B4GALT7,136.26306973664327,147.16512838163405,188.9991780100012,164.51354234673212
BACH2,297.46657038133236,298.92961190319664,129.00829875840046,166.42886403171048
BAZ1B,1530.354415531969,1435.512211950992,1734.7135492644009,1722.5469604019183
BCL3,589.4356077783934,292.47949028869397,220.70515265166532,173.536924766668
BCOR,581.3186559070524,436.4852698269094,370.6285589326642,363.80089376679666
BDH1,1364.586473718427,1548.5966333516299,2057.1509294520797,2351.7465068569522
BID,125.84615387504192,135.21795114725737,168.81460442702408,176.93543376390352
BIRC3,217.3073043421107,238.702891177862,279.636509626262,279.34733171609844
BMF,68.23554410671909,84.86864273461447,154.35556854595393,186.37331113315648
C1RA,2259.9782888638047,2469.3657578295306,2734.3882586812797,2507.7678394094933
C4A,130.6274852236067,75.28911425079889,60.14408470157785,56.80856016521731
C5AR1,38.288019967479805,16.146037736710657,12.83304473143516,8.33798870869786
C8A,5716.81799104676,5702.186876524998,7043.804789534717,5396.075921234802
C8B,1952.3620339754846,2198.464119880247,2539.4366701143067,2135.904212067373
CABLES1,108.75544348372358,90.79918795351381,46.908325276932175,54.597769771417596
CALR,5838.727319342803,6427.11288258044,8358.912846192923,5373.8699032125105
CAR8,907.8503353455426,1183.3113442137717,1153.7798660461813,1150.2662183749533
CASP3,191.7709799212898,203.93513893773527,241.97391439509315,209.92054926317118
CCDC157,272.4428649708816,287.0822452322221,348.5060449563014,334.2236021198548
CCDC6,706.6566266231825,554.5971017400316,423.5765496417561,474.55430286560386
CCNA2,53.617664929223515,18.39408222620168,13.926662352482088,7.014161435951281
CDC123,314.23970824313534,320.09213218408075,377.94338248855644,375.29933587504894
CDH4,59.83583540065986,30.15041433338375,19.9720842994698,22.181246604558655
CDK20,141.12102181042536,98.65247120485388,69.38347982693735,72.88203321438147
CEP120,353.77839255554886,316.0055416788376,225.89053836789114,279.15533621656033
CES1D,11485.601055378782,13292.27305317518,15573.189317892042,18639.683398886387
CES3B,3302.929951205344,5083.072807056334,5583.37309179027,5821.6937415881275
CHD9,1047.1906659532656,1109.787491087592,1330.713833021921,1297.3651912671999
CLDN14,181.35184613395919,136.00559779999514,109.73510598672843,92.74653541569371
CLEC1B,130.12151999042422,127.71070693105834,172.81986645225047,165.5766468800188
CLEC9A,38.50269222146237,53.397709101758984,66.83806031529572,68.79928961268106
CMBL,1346.8017409486943,1268.829466560525,931.2039478411251,1220.6520720406052
CNPY3,392.7104292849764,435.43110928788934,505.85672728648325,445.1982613264778
CNST,240.50441322641566,297.79570951711514,311.29645670894274,364.16290997146837
COIL,75.83577667466675,64.54097692278826,41.113748912604585,39.69704028951847
COL15A1,342.93656803744085,237.3125674902758,141.77336939717893,99.79305537272286
COPE,1023.0690013980238,964.2795565187249,1264.192710927587,1114.6633260511069
CPNE8,115.44886378656842,41.8720733974483,49.20886586360986,29.921806897684313
CRACR2B,35.36843639829329,42.838052680842125,64.54956024127303,59.49752091273887
CREB3L3,3142.1760919586177,3486.8464998638633,3587.234098169477,4314.466110449336
CREG1,5952.700428018679,5383.414695389099,3341.199567049882,4714.738181716567
CRYBG2,53.72943690767323,24.93651387596433,24.397215336964795,23.403292652241767
CSF2RB2,74.90268485924841,49.75013152866687,31.934016587700764,32.6905048411274
CSRP2,211.2490290982967,200.1644150281827,261.7905075608212,232.86041477650724
CTSC,1877.5378522087474,1872.1917249929875,1235.3041486612362,1161.8483114083235
CTSF,303.61255597900987,349.10793308749487,376.0366106226266,398.91203162887825
CTSL,7294.073465272509,4926.275787374562,4594.06562434904,4492.6211304612125
CXCL1,478.0052972643696,100.86682345616812,34.126632053751635,33.45967006319534
CXXC5,564.1798222665614,507.04291218017113,370.7316875870187,366.927227426316
CYP27A1,6160.154987934884,6224.3319484623735,7082.805190904709,7863.301151370628
CYP2B10,2522.6590088052435,2225.1741358051377,1110.3084165007874,1363.2497028321886
CYP2B9,12401.257219268218,11314.378222390913,8471.651187643953,9131.515284827477
CYP2C23,2824.35537553695,3480.748393661887,3928.301437009561,3712.352098582015
CYP2C29,26682.49925155893,23535.06687758945,17766.369199985067,27749.189671174536
CYP2C55,219.0287826669945,139.00046799993842,67.2362492114449,137.1946305893356
CYP51,1690.3253307959933,1737.5261396428934,3247.0757352322416,2262.5233870310417
D830050J10RIK,22.134837243038262,27.49404922544336,41.04913310163974,36.40010481313417
DCLK3,118.8855022175835,174.45513121612007,256.42751912962945,254.61017423812385
DCTN5,274.43822842756657,249.63053899181813,188.7370418203736,205.44834430176337
DDOST,1124.0010039153356,1110.6499540968405,1542.916072413163,1162.098816124417
DENND4C,875.79123991971,852.6737350486673,647.2132686129547,744.8333994046812
DERL3,3.2153123998448447,8.237318077976301,67.94914959553151,15.066995927763692
DHCR7,1599.4993253879552,1266.8699669066305,2256.887294494714,1418.3818160765743
DIPK2A,371.2129550266981,403.36378199733025,490.8746979904469,449.3909901358436
DIS3L,391.43348538972714,337.10295522562296,256.01681048434864,312.7473606897974
DLL4,71.69180831086202,102.02476152086412,125.57972629089964,121.53567660663087
DNAH11,23.091990683042905,35.10554040752962,8.892237721279704,15.511022424308107
DNAJB1,216.21875315052847,219.18057388620335,327.01275074065677,297.47701001611904
DNAJB11,735.3249889414434,811.7516367967237,1083.533735159917,677.719025984
DNAJC10,342.3802616293566,346.16283197432125,496.13316892967805,434.18417639709514
DNAJC3,2641.0170376492224,3091.596606651664,3360.965898389453,3069.1051086683565
DPYS,3099.2644179444665,3601.097866989053,3728.6725260293915,4381.765756550271
DSC2,668.2394268298543,690.0091480521572,829.206738836067,882.607909221375
DYRK1A,547.0606143991984,474.1355941125129,375.9842481432394,415.12639136061017
ECI3,63.057801577692366,49.25146248483904,15.970657116357394,13.144511897934374
EDEM2,544.6777114649682,570.4473474781042,792.4479657057442,654.1604317242984
EDNRB,208.90537771032226,165.00013511273514,104.73131012016253,130.62048545216268
EI24,1958.7511893031892,1885.4679656271917,1330.388398628374,1560.2825250905464
EMP1,89.70230296322337,36.50319835909517,19.45308227085457,11.910134200861153
EMP2,119.7068220545521,144.7649429715216,183.03472804082648,194.53650424015342
ENHO,188.39799021955184,190.14918522226165,343.4730611857339,184.95442545463052
ENO3,40.443278651787175,50.88005581414264,66.33541177747419,55.703709904335305
EPB41L4B,813.4081705057393,917.4950308447878,1061.9724266332564,1117.6498418996414
ERBB3,4248.9732712704445,3314.0776603025533,2045.6335985633168,2851.08670956967
ERGIC1,1057.8222540688494,1031.1203884139723,711.7274078749758,795.4388716702279
ERLIN1,445.0885194979122,410.4870221730789,550.6881406750846,536.9181542796085
EXOC6B,259.0253089634179,247.16169626269476,171.69668463633093,177.39909272416384
F5,8828.211726899675,9468.806570511919,10672.08736724304,11512.895656275596
FABP1,14790.24657584049,19703.873824429273,20008.17337506091,21432.206972824064
FABP5,180.09452801183778,129.7663120607038,717.0202249946277,98.25864177447319
FAM107B,490.3986219263984,506.59276165711964,622.8670820920047,804.8353526022621
FAM13A,286.32048088808426,363.0448079437825,417.2662716802168,465.02808679316587
FAM149B,414.4225757972372,400.176677997412,292.50758796461025,338.8636511590145
FAM167B,35.155982070039954,44.67823485376317,58.49849165277436,54.00627535918583
FAM20C,779.4021704308295,820.193301812896,1005.6612345254249,921.6645501429052
FAS,234.63009483481025,211.83889969092314,125.07718495034071,103.502423523375
FBN1,273.57953941163635,195.35460434659817,167.1110022573224,116.19189896876517
FBXO3,1106.4857204259456,1361.915566845456,1421.6255439303195,1500.6035098739649
FBXW2,456.6946689008994,465.2767107674469,531.8102604304008,548.1536487867344
FCGR3,131.89999326739752,103.45921776078141,73.044143477114,73.47044471426571
FCGRT,1702.3190196765256,1783.2970533302332,2010.946214408554,2183.405957930511
FETUB,3966.3472483315186,3671.7887652825966,4682.041110681097,4255.020950812221
FKBP11,39.884754317973695,36.39799286493118,94.69319681965685,49.723979505124504
FLRT2,56.38400704797538,43.82030586317761,25.76900529830222,22.913579465073468
FMN1,140.4310997250343,157.94888614270695,315.69643947530943,269.1132142605713
FOSL2,390.4652423210764,258.9474923942492,234.7476188514185,213.5753071593913
FOXRED1,446.08714240990184,400.8050995787476,527.2191415527495,567.9953422601034
FRMD4B,814.6828964752594,843.0958400932104,1168.3457716067296,1022.1753577479438
FZD6,104.39902079166549,103.3294763616056,47.16455108354932,80.73531545383297
FZD8,227.56876082754818,368.78544428709995,406.29685297699785,371.4455827210569
GABPA,727.1684499654114,632.7758610487559,522.5531835029843,676.1485688401409
GAN,738.1457725281203,328.50140715701053,275.76367135665436,275.7456787938502
GAREM1,1325.8554661301716,719.3240244068792,718.3145722848052,869.8263439302206
GBP10,107.2442015613639,123.27244085623546,43.28564163503732,51.434115990493545
GBP4,118.0334669788409,107.56820778747023,69.70394782970278,75.75065781205103
GCC1,376.58352611085036,312.9413561788451,456.09509051896134,350.52159177625214
GHR,5012.382285187772,6020.010993119425,6171.217684965757,6051.126980104233
GJB2,4281.677390133531,3485.5385807336775,2767.573311523742,2911.104104562821
GLYCTK,3255.553642680154,3779.4073399994118,4406.625129088479,4016.403609259063
GM11967,17.671078423988888,30.58492666186775,41.062451002981255,45.14767510510697
GM13292,49.95560017401491,36.606278608024944,21.64601775309068,26.31160070245736
GM13341,2498.912582848477,2312.229700276462,1691.0648170202264,1910.8082927678715
GM13607,44.93109909542284,18.911150414205384,17.28715353006359,18.090181551234153
GM15318,120.00255088521044,138.80867548279906,169.99718262584534,115.83586188502893
GM15711,30.79734145225264,42.71916797318209,65.17520732577411,89.78044084681876
GM21399,162.78282714778436,111.27853638408203,101.74791148029551,106.06934435279072
GM21955,51.09892839195738,60.81271862221198,76.90893419602008,98.26990766896999
GM22973,217.25030939002124,205.17355805075664,115.16814247587084,131.5516058662371
GM25291,483.6767041475088,380.5970465375135,259.0569408564273,277.7584945671763
GM25939,900.7098271288988,738.6928487720338,528.3364103096042,530.0511838203948
GM27216,219.4888425767336,167.16395679935167,130.2368455654649,129.30722860984903
GM28661,2558.5688972483867,2266.604686057117,1689.514472798681,1876.2846150031135
GM29438,83.17321373945927,79.01523616780895,175.15018562832597,226.93207324990613
GM30784,56.49356110069588,63.159592870164374,28.799706209784656,35.71299500053399
GM36638,70.86827054816416,77.59163661940744,129.81644371808844,117.23418781442051
GM37084,405.9832799864871,313.63314221141064,171.2594527377386,210.55365093352341
GM37510,39.16633475653791,24.46992318980841,16.208184797676,21.463006612391155
GM37666,9.459762421596709,11.781815402138633,25.288303294154048,26.719258480157894
GM38082,98.05167049438079,96.08692396250336,55.21199214812262,76.42759160219013
GM43410,99.5914098927852,182.27961956245795,208.5885258063,156.50400709725992
GM44005,75.83577667466676,77.59848179532146,112.82014039728637,153.68945987657574
GM4900,35.47355459955535,18.17068930112372,12.545550127811042,15.974311093738981
GM49668,114.62976187532902,104.36716595133537,62.38959815817825,68.67847803608576
GM49705,61.11499722163835,55.79318571952362,27.008208032072535,38.25362978168712
GM5424,1921.3855070809168,1272.3535500677801,989.3019150918608,1051.237598445326
GM5855,122.3658280463127,92.04658011649347,67.08331285507619,76.24391755427611
GM5873,51.791068403077645,43.27469025456033,100.39316864075357,52.052290858959736
GM6061,6.855533456196371,12.72372822073204,17.290829151886246,20.093492649020693
GM6781,21.92238291478492,23.256265189523464,43.39495134161326,34.284929819702874
GM7049,150.74067945964438,81.72303730587387,53.04073678200592,58.31029006915469
GM7803,41.2405368641695,26.26175310611588,18.861473155258693,26.675263773753798
GM7895,93.5616321250159,76.75092891770828,47.27908021818837,52.69809446953152
GM8834,83.51484789356098,50.021407270147,33.97438932838471,53.183565637579164
GM8990,28.56546204272795,19.419967734470927,8.358266787819895,12.080410844491732
GNAT2,6.084554794129554,12.520859685064158,22.794608905583594,5.824010266636778
GPAM,3750.2938329353765,3671.402266229879,5263.032465294558,4442.528015223846
GPLD1,5344.837953075899,5677.536264370862,6365.401710654918,6712.450062633844
GPX6,3.24159195016036,10.712047454736958,11.875316344961467,20.90118221686155
GREB1L,66.77464335926122,56.387173232608404,33.679543481115275,29.08938479632582
GRIK5,141.18023468824407,134.67987799130015,242.5406470092236,212.79019449813904
GSDME,35.49983414987087,35.720271637037214,13.324720002420017,17.941021651327016
GSR,1229.2498420200143,1032.2029104615892,837.5286766191081,1058.6479440602689
GSTA2,613.9777451386832,493.32925141255765,299.60065624834726,511.9993881454588
GSTM1,19114.275568845504,14762.352074157698,12025.558877428244,18005.623447251397
GSTM2,981.4497967592262,740.5141591086659,490.50090588413605,583.4517334295268
GSTM2-PS1,489.5880561596407,309.63368938958007,237.49178520783258,377.3701941055314
GSTM3,1988.4175034165694,895.8836387642214,520.9811468854994,1040.8574553532137
GSTM4,668.1320907028631,402.60283579054635,270.5030150032097,366.01499889429857
GSTM6,882.9469380580232,843.719844919915,539.4515749214405,678.8111984218048
GSTM7,692.6960717620101,573.7111010420509,338.69374151669905,433.42382038650294
GTF2E1,291.5267208931557,223.92123553190157,198.17859299477422,200.60883636212253
GTF2I,1361.7875338306071,1421.0476819762373,1598.673395756671,1702.6785413547198
GTPBP4,423.7727841661134,442.9229654227195,525.204178148639,583.2995567353198
GUCY2C,16.15540065017077,11.038520628744694,38.12635463472968,19.88916550009247
GYS1,72.70152085149768,76.19918768658705,103.57669871134212,77.04590494013117
H13,1494.6772783070771,1450.3759540162605,1711.7813963442345,1566.5156291806065
H2-T22,1176.510491879849,1188.3536610341798,1348.549007660544,1314.937356425549
H3F3B,1538.1582307252531,1213.6457892846217,1083.9988373554652,1141.44296620242
HAGH,2287.784197431547,2676.3717526694877,2749.246224860872,2789.8812560327765
HAMP2,3061.5296107673535,2304.5691412957894,1098.357341303666,1912.6606407458885
HAX1,345.4138351027221,366.4114840020181,421.42266141362006,422.6242837461046
HCFC1,1452.8915246634697,1369.5559479199121,1075.5006910471732,1261.1950975390725
HDAC11,531.3412120341803,660.4174124843667,754.9043771597533,773.9361333710058
HDC,66.85348201020777,41.88246064875267,32.30045587476383,52.87729467697026
HECTD2,78.38744653943606,62.0174062013487,41.607448801909044,39.04059701377636
HERC6,182.86530598204808,138.38713395273302,109.42630220574698,107.2365934422822
HINFP,236.11949305831286,254.00702370973008,296.6165639774785,280.8049976788943
HJURP,1410.1856512003837,1528.814471765101,2207.8456397861646,1923.400138772129
HMGN1,463.2611273036251,511.93620383455607,568.8500286715437,559.7518339621431
HPS1,169.02284131807778,133.06143293843425,103.17329038712982,118.04989777779339
HPS4,275.3076715137078,267.35750656844294,178.3272682291392,228.72558683813327
HS3ST3B1,1386.5132924846703,1430.5849360207135,1857.9582836416926,1740.302546786374
HSD17B6,1500.1330062609286,2157.1273056262976,2730.392391250399,2932.7285544902243
HSD3B2,338.44021144932344,568.6069237015064,678.0478107952293,787.9000402568446
HSD3B3,1563.7547746991982,2074.770969053767,2550.0315644374564,2418.4083183918733
HSP90B1,6419.8024699613925,6890.78443723153,8646.580355480775,6881.762940891444
HSPA1B,57.31709886339373,60.2826796357903,100.07941184926295,95.69728465756845
HSPB8,3066.727854761497,1960.6665115025078,1929.8108306165104,2034.3561348013595
IDI1-PS1,31.647158765266003,22.278023522789727,58.958578110567,39.26912381877556
IER5,156.345548570907,112.79554848351903,70.14000953687118,62.993313177420205
IGFBP1,1181.934833315056,1097.7712727097394,233.86318693127032,294.8143111997177
IGFBP2,4095.998830033982,4793.723050045559,6657.20440234397,6164.839328476818
IGSF11,487.0452579977883,442.7479444021091,310.4613532543321,357.15994519527646
IIGP1,2639.531404160308,2655.6738719801183,1751.7228397661413,2096.730523178586
IKBKE,497.18385287613,456.29638732498324,713.9217236915042,447.1072094825488
IL13RA1,731.5863034610175,587.1847302372242,462.5062596976129,509.8570449359415
IL17RA,561.899484049429,342.64662081924183,322.1951337232093,318.526518199349
INHBA,181.11533018111956,190.67314051069732,89.97551097076597,72.488004662319
INHBB,94.24268250749007,21.369366917157713,14.913688516274457,25.276311615035798
INSIG1,3289.074309970315,5895.8402089094625,7598.236376934345,6833.579632677204
INTS6L,79.3183204291252,89.49305628261618,115.25880765577953,100.27199042524599
IRAK4,243.2925990440246,200.24885715806997,135.28218986487266,133.84823004591598
IRF2BP2,1485.4144447336294,1672.3126517058574,836.1183186401472,1038.1059720746812
IRF8,107.03174723311056,117.28480342491906,148.28276624270458,137.09261754291748
ITGB3,106.18192992009719,127.3193686266287,163.62053222817815,199.10080216401528
IZUMO4,129.16880240187805,125.92383592029735,177.3878643531475,165.33117611567943
JAG1,201.01828801463313,157.47615869571507,128.92034915175867,132.8093251687002
KANK2,702.4800604903098,837.8037600402936,1030.3865312746975,954.8173471333076
KCNA2,76.84548921530244,117.32821642384006,226.1758502333562,132.53202876072965
KDM3B,940.296634690485,784.0049191626568,661.508874107296,741.4771238948927
KIFAP3,132.75424643186932,117.51856132463736,80.87536336167157,84.58306536974709
KLF4,46.021868212734276,21.86474399879387,19.311172779953843,22.620567439273174
KLHL25,315.63507789402195,288.8590098910633,461.61378983052896,462.5992707900625
KRTCAP2,268.38217110948176,252.99528685516827,350.90071352578786,291.837718551837
LACC1,164.13639176825097,163.34420300429338,224.57649378595235,155.85903742022685
LARP4B,1455.118968221536,1610.9429731293562,1701.9400025941272,1961.228465119332
LBP,2744.177694975024,1663.2754037490486,1705.5315177085663,1356.298452101841
LDLRAD4,121.88614236344579,142.3338459206947,180.2117199465791,206.20487681834913
LENG1,99.8586412473988,117.53508533677771,137.23626667847233,137.541256349412
LETMD1,317.4068973938075,355.506705149719,400.04842480573035,423.0082296275858
LGALS8,1383.389790731712,1128.942778143298,1001.6138693486625,1133.2362179145857
LIN52,90.47771747674864,90.75884758977172,123.74971526979783,127.96049925727941
LIPE,254.90983807565792,275.2223634358988,321.80360511575816,301.64646957152206
LLPH,72.1429965176842,77.61900618473155,104.78058341146625,96.11597650841115
LMNB2,127.1997184955085,131.89496047780543,168.85615285986594,148.26425305856876
LMNTD2,21.177683803033617,28.58363314717704,50.31148573180516,33.60667433617345
LRIG1,732.4424389927833,589.2971355415701,477.5077370246352,528.5729098741799
LRP6,2656.5018064286946,2363.867037888072,1909.2667417766677,2327.1907985652256
LRWD1,174.09768357157165,141.49335754600827,104.81584784648113,121.46926758025536
LSS,1132.4402997260856,1196.4481622227715,2680.525356278627,1890.8107835097344
LTBP2,119.88634305530229,37.27102903750094,50.25677861791312,20.60246800907545
LYST,2003.0275175664535,2069.6793414484687,2440.293209092052,2395.014608999978
MAGED1,978.0372199527974,1019.0807990813547,1230.9066150505823,935.2701678495092
MAML3,60.50391378719384,70.3620550187232,92.47554295579471,79.73632585051787
MANF,427.4677822488252,485.387193125735,616.9146099082385,356.25807627279
MAP3K20,374.79396320523097,333.84434059852765,246.6878710235301,307.4258589024283
MAPK8IP1,19.902957833513575,25.0997504629682,38.29255529380861,32.07235408980358
MAPKAPK3,107.00324975706582,99.7842706223652,54.40117986169013,67.99676934937935
ME1,2911.8073845679446,1805.108818695193,1492.2665590296726,1514.8677474836927
MFSD4B5,33.82647907415966,22.03010583103195,13.558572061915967,13.620665094202025
MIEF2,280.39138547011856,324.2292001911717,365.0267091567816,328.38227760304835
MIF4GD,675.0860885831339,550.2316819023163,351.33293881523963,332.7254187709742
MIS12,155.95135531617427,166.56811380208526,231.24857378857374,189.92605598295847
MMAB,334.1471019281073,378.1213809091401,493.05399397955375,426.03278517873133
MNT,156.61277992552058,210.3131561452046,200.3405260975573,183.21401684037525
MOB1A,773.8824581892659,693.0877853819059,547.233362294403,596.4733442419845
MROH2A,14.217032145575189,31.275618688179694,42.734039822097294,39.81931202897892
MRPS11,99.91120034802982,95.81021987526533,132.48102535869302,110.70804758141772
MTRR,110.0871644053331,108.33579949100931,155.48578158933356,173.05993763686163
MUP-PS16,84.31654195740175,101.43242981280213,30.78638280770913,75.31896296489673
MUP18,23.70307411748741,28.284279425294734,8.032152143543485,21.63713086717055
MVK,300.35133825572166,279.6963030066339,676.7459016433878,508.00282762001433
MYC,47.43020985956112,66.00608355188933,139.9877789264228,130.2502170306043
MYD88,252.45441470923376,156.9416191056263,139.1290832867446,169.8480712475552
MYO10,1147.7851346094985,1280.3032557380616,1427.3022940299604,1504.1433419626453
MYOM3,35.84812208116022,20.19250720522451,8.71570382773458,14.982784891366894
MYORG,615.3927405626977,677.4709204618979,785.983000114782,772.6881054478418
NAGA,390.7698428546516,327.98128598168176,458.7947237756582,460.2251342761286
NCOR2,1153.5410272454667,1153.1938090116955,1441.3609100301996,1285.163411851524
NEK8,54.25946376544198,65.82020846857318,94.27902804753053,106.75698704283757
NEU1,457.8161534199848,506.02831938863307,552.471486780887,570.3134083567401
NEURL2,12.515179593819242,9.901292865475503,32.46798752116057,29.61400653947284
NFIB,2136.055649130124,2451.655585221,2484.664419071681,2726.2893133321054
NIPSNAP3B,331.8604454922224,360.30353389455354,421.943949126,388.3171955449273
NLRP6,1924.8873410500678,1874.205247476022,2390.509778558587,2596.7258568237244
NOLC1,311.26534764758856,280.265704180667,435.07674179263694,424.8620315350884
NOPCHAP1,358.5027289520242,262.20989920993355,204.42926017888655,207.65544967103145
NOS1AP,545.104502488769,183.19627692262947,95.55189781144395,70.58239535709248
NOSTRIN,257.69802389326685,214.29405206821846,170.74263187167992,167.88112886861256
NOTCH3,81.15157073245871,74.14245776450205,39.10869420556682,44.66150847299544
NOX4,105.22477648009256,128.37048731665584,210.4980641680736,210.42043847280058
NSFL1C,545.0696867939716,444.9009008876879,389.70576977980505,463.61165779766105
NUCB2,28.085776359861022,28.615003089770887,70.14368515869383,17.63282688514371
NUDT4,1844.0618789916064,1673.896343929289,1324.2739395945682,1382.661580146383
NUP210,526.3603983533025,593.8503868148632,755.2649543103283,603.0886329945686
NXPE2,162.0906871366641,210.15440051401387,239.37533315140251,219.26485250665232
OASL1,205.59160088640303,165.29147694174594,112.98495647041618,77.15508033140021
OAT,15508.973160310703,13743.072856898028,9971.881924874664,12829.831595652708
OAZ1-PS,190.28823547497484,143.90204393705758,110.51161121064733,134.36075196102752
ODC1,718.8675412418618,848.5122457717863,878.9966141632525,930.3310584288764
OPTN,1118.0719084973698,1174.2609466221409,1289.6776346030404,1489.6244027352984
OS9,2917.0057595454045,2820.008720393174,3225.8845604969983,3017.5636928578833
OSBPL11,508.8273714580788,444.98675984773126,341.37797865510345,385.2363618722723
P4HB,16654.23163596381,16949.40411957505,19377.60275351694,16446.749242009573
PACSIN2,707.7059262685092,730.4593504169308,877.2803834715542,833.9063091592402
PAQR7,264.9851197831576,348.11081169804186,487.20162556490766,532.4433992832998
PARP14,1258.3583029164513,941.1635888726545,761.8329011400233,785.2850935228062
PARP2,140.218645396781,102.1429489517781,82.40605633707389,95.9994069509365
PCDH17,54.07328898750414,58.380674181440355,84.78047872336431,80.3348200209834
PCM1,914.1707349756414,579.4526847753131,488.7282650520138,622.0224784245156
PCP4L1,106.69011307900887,216.14577969987943,184.481200630041,219.7677795110342
PDE6C,4.251304490796033,5.5547612600012775,25.194389705870524,26.69114197820069
PDIA3,2892.6764120718035,3146.931294798129,3785.159239333882,2749.058733381814
PDILT,55.98981379324265,118.26068938107385,116.11063821600045,110.20345270995844
PDZK1,710.6429176850942,704.0468424341636,859.3999687219397,820.1464042490952
PEX6,1238.1707058809254,1255.6030944472614,1497.6227752480963,1574.1198007487822
PGM3,191.79282362014683,128.8161064498543,262.6971455044853,192.91667538113882
PHF19,10.655649740170208,14.141202146629599,26.370947648364297,23.137168786888147
PHLDA1,362.9949852471183,766.1078586847822,608.7908883357657,635.1940893037987
PIGB,191.08105783589872,167.54540807887426,121.14074719300969,134.39334230346
PLEKHA7,180.66414197429737,178.63369779438867,326.65947391115026,293.9588275486087
PLEKHB1,121.24877937868575,147.29557819588794,189.01718250429795,157.58767137968107
PLRG1,353.96013148202826,302.5826512370427,211.3024316607852,218.8380259079451
PNPO,1629.7618685725456,1582.860848567031,2090.7319306022446,1920.0360233371882
PODN,55.24289675576213,66.15093213304932,106.79224480857071,111.117096287246
POLR3A,488.02203721092076,493.3626111224088,596.0031855604755,637.0578595295501
POT1A,113.06374292660908,94.59915656042601,68.45872483960497,72.01201405266858
PPIB,1942.9503948030604,2069.0552764833014,2555.1789551895254,1843.139254179822
PPM1M,166.04848072253102,160.1988057642335,214.49837585884526,188.7933902762113
PPP1CA,1505.641964432281,1454.8470291404976,1079.9243211728412,1112.6700042720217
PPP2R1B,309.4583768945705,330.43641871112317,173.65347702319755,195.6130995296034
PPP6R2,1048.1630093149395,958.0260271383582,763.0096719014398,873.7020477614745
PRELP,581.8816160923243,604.8779610223443,378.96370741978427,455.1831537583965
PROK1,17.802476175566465,30.17873128865259,42.71539529543006,18.390124100530787
PROX1,4546.443401811247,2633.3626248485457,3305.0301327824154,2903.1395154223133
PSD3,1570.8002476679205,1826.15221266474,2055.4214065191322,2138.378633875979
PSMA1,721.3270649013092,587.9608006450362,494.62772717100967,571.7535492484643
PSMC2,869.1985019666688,751.6430504394531,610.9465416923788,721.061018438107
PSMD1,1517.4080090628906,1360.128529570532,1073.0600447408283,1197.2760860739245
PSMD2,2754.240675803454,2345.1704416320617,1941.355336120474,2298.3100521716856
PSMD3,1507.9219670909783,1248.1354736702044,1044.8358659255086,1287.6772759412524
PSTPIP2,194.27009068542804,197.68403797865142,371.6262876940823,277.67643915770856
PTBP1,1637.0115952834747,1276.9941550995966,1119.9398837729238,1228.3445613115132
PTK2B,628.9131968456942,663.493154581431,762.9196976764784,848.5847468955726
PTMA,975.8468100152577,1063.3058527014052,1244.7416961694655,1037.0494728916563
PTPN12,387.8983825346376,289.1052409916123,256.2600384058095,286.61034788482874
PTTG1IP,2452.6978860806175,2384.6347341038877,1855.5403750935195,2047.9259859013039
PUSL1,68.2377620324483,86.24460957981248,105.01678010546705,101.78850866159456
PYGL,6069.084601546395,5889.062483302587,3988.717028958382,4240.160494428293
QDPR,4291.07417494272,3562.9167867924275,2696.6626563735367,3042.9294151643767
RAB17,298.7216705777246,247.34380143408592,190.88123417035942,160.90379979421442
RAET1D,114.3714022236323,126.07265409254117,38.89950425301116,43.24591341102927
RAET1E,38.21139924226249,38.19641784395401,13.563898687241686,12.195288417746603
RAPGEF4OS1,16.021784972863973,12.252417603896303,36.74156678823598,49.28611883327514
RASSF7,197.4591235349574,248.51103274383266,274.39422870587623,239.968894036579
RBBP4,935.5219571191079,1085.4439976869137,1203.3576123244038,1228.7137157438933
RBM25,979.1279890701089,1048.4909270753417,1276.429038089132,1310.338866410225
RBM47,1613.3221642787978,1681.1903775349356,1988.7103345612645,2219.7824441993052
RBP1,186.93265362063553,121.64808687906826,266.94244331748354,121.12748595148366
REEP4,122.94619607898325,90.59136051229945,62.072539359681514,60.85987253125836
RELA,678.9080485659647,568.8404563935002,465.351479167485,488.5321641503152
RFX1,359.1926510374152,263.5179060128667,201.3917408588667,229.43527355732206
RGS12,147.5801440861598,120.20254611110052,84.6519407324364,90.36484214893697
RHOU,1054.663601062659,890.7043858213539,612.4725507508803,618.1996477458787
RILP,276.9110596413894,296.38745612556454,375.1929332347673,362.8098312071338
RIPOR2,57.55583274196258,47.02134769931248,133.19850781452672,130.81496175186422
RNASEH2A,130.04268133947772,138.46876207016194,186.63066600672127,175.49371524029195
RNF181,624.24141954985,649.2450885068046,809.1803183614671,708.8161506009925
RPAP1,339.80231221427175,315.60738898467986,226.74098434216293,260.8461084187242
RPL10,2896.844106501759,3261.673537829478,3369.7142106549773,3370.358359504212
RPL13,1446.0730248277996,1558.5426833354786,1667.1876189346663,1593.858602124599
RPL17,1224.9196988782717,1402.2107664719197,1424.8821013736253,1388.0291630323475
RPL27A,1166.3541535956736,1239.6957761446254,1347.076648073882,1250.701621038381
RPL3,2230.289124376262,2349.0872509216256,2858.202524984042,2607.42766755442
RPL5,1522.3644255607471,1616.5787156640802,1736.4272664975372,1690.4177921964688
RPL9,1238.4708705630424,1396.187286651718,1448.1020651370945,1413.6985066792902
RPLP0,3556.2563624848835,3742.966923450022,4125.282328557337,3750.862606608703
RPN1,1402.6642572833828,1516.169315422571,2063.3302282951413,1457.5649582899266
RPS15,1333.6992039865816,1339.3602369460498,1520.613676965781,1525.5118230467037
RPS18,1726.3197049919652,1866.1585578270378,2084.72395535328,2051.7972158920825
RPS19,936.7900293114402,962.4298814215942,1107.8239907769193,1094.595119813503
RPS27A,848.8836074725888,986.7988188215212,1112.2633970882573,1040.17453309207
RPS6,1409.3795212850846,1487.1721637765315,1659.6703086093298,1549.069188964895
RPSA,3208.729409286709,3465.6443417536034,3593.769478355344,3540.7226198076473
RSPH4A,77.8048605810363,47.07512830168395,27.735706382241645,44.127637992805845
RUBCNL,10.681929290485723,18.228011978885533,29.52523354026546,18.089949729879528
S1PR5,42.49120120910325,60.367360740544214,75.71607636136393,49.15390289270822
SAMD1,77.29889534785386,109.7803928690323,108.09212131392928,96.67040673773518
SBNO2,1339.5557789723532,1034.9216160963997,896.1891669265916,859.3401713605447
SCAP,2497.3047588693375,2512.263871861079,2985.202811604225,2822.4037184420085
SCD1,145897.12502668536,90457.5319189214,80765.26740239694,44720.46846155542
SCD2,387.20402459778813,302.8586442803925,241.7131118688378,161.44005772268767
SCD3,121.14144325169447,66.61421971868157,63.62352786525415,30.97781832085749
SDF2L1,160.7611841407838,241.01722876626306,367.7413059662141,163.53703629812583
SEC31B,156.8296701052324,153.96090606891238,207.2332485560476,248.70675194879996
SEC61A1,2628.637356100004,2760.0035456182577,3693.2829932849913,2854.8500920959495
SEC61B,352.45110748539776,314.9520784165635,478.79679413133954,343.4446612208619
SEL1L,2586.503650083542,2812.22535353636,3093.151133319434,2633.5232808054807
SEL1L3,220.99343072190558,206.3216647822056,322.3527566725333,285.64315980800245
SELP,29.415279355741312,16.72113701755424,9.923584165866624,15.715581394590956
SERP1,2014.0159297578086,2279.561746667592,2778.657388044841,2062.003635370767
SERPINA11,230.2451746667074,227.51316850891868,312.0810041314543,228.96927226637314
SERPINA4-PS1,65.62687928986031,223.10249720714447,546.9348879713813,874.8604751727315
SERPINA9,2.4443337377780274,19.56834725268927,21.459787981395397,8.569435839427381
SESN1,176.2266627055635,187.39847131167303,239.5743464137289,230.27423177420508
SETD4,122.26070984505064,106.54562537972465,183.5003539428675,212.4356868120054
SGK1,725.4647150463614,465.6877530397968,318.27904509467993,311.45864967724185
SIMC1,172.26665119396736,185.27899036606834,218.23223302974176,253.48374359080915
SLC25A15,5892.238990378775,5766.578369356792,3871.893479028776,4064.858877389488
SLC25A22,3401.5401460335383,2927.206603925499,1647.9830547687454,1680.5195978344896
SLC25A38,222.62309839990266,235.50869451764115,299.3948245774835,326.3996888410134
SLC27A2,13429.361549406847,14535.379539733613,16235.216559352626,19623.58481369194
SLC29A2,7.83896644651653,8.832233333151894,22.635014936571356,17.948647638887234
SLC2A8,210.239316557661,207.05244705906097,284.06408981947,298.2351893993296
SLC35B1,537.4805438546701,561.9661232239719,710.5690071945094,473.92514215828027
SLC35B3,211.24681117256745,161.18672626719354,137.19066900899128,167.51514758376987
SLC37A1,292.0367864193615,97.07601118242087,63.91203344001083,76.93596485006081
SLC38A10,1465.4655815766723,1428.3130921986647,1947.4309665463618,1599.0368780154015
SLC4A1,5.02228315286285,30.059846580992552,62.69062773372352,7.36426451634707
SLC4A2,670.282913535712,662.7258326389444,840.8052218562191,794.8225754897409
SLC66A2,1042.6436326318112,1070.542079798845,734.5700126831766,661.5469479739996
SLCO1B2,9577.114838193076,11316.912903066404,11624.171705089973,13379.456841351534
SMIM3,30.23881711843916,18.641999917959456,9.446557783541104,8.064470677138651
SNAP47,704.1663875619612,676.744315964807,849.392110571254,774.6930844127058
SOS1,973.7618538374151,875.209355099441,662.5618486449736,776.4533573120316
SPAG9,1673.2431565491568,1670.6923080493912,1906.9532591043687,2094.742169233207
SPATS2,111.8941351583511,94.96997047544558,66.67292690203512,76.21540664434707
SPCS1,378.38827893813914,389.7226965108705,481.3384350755529,416.266195295066
SPCS3,719.1281188192876,785.0517985005476,898.9419516862704,764.1604845707471
SPTA1,4.649933596987199,18.75263375788133,17.694931107100324,4.748736670577145
SPTBN2,2125.2001814992054,2542.5248781098667,2689.397522143028,2892.5123208172854
SQLE,831.6969861413604,928.6212829368013,2148.2623059349958,1507.2718919501374
SRPRA,1935.062969548936,1862.0667419070974,2324.432489550653,2304.323396667317
SRR,1400.6888551582606,1325.1147124940192,1001.0089546115455,1149.2353548937222
SRSF2,1125.1465500590073,1117.9641748777608,1261.93809070263,1342.003891012252
SRXN1,608.2699757518877,526.2368811657865,400.32627712983555,448.92068070772626
SS18L2,130.65598269965145,135.10448364702322,167.7152865658349,187.77683048422955
SSR3,2142.901975324968,2344.5890575401645,2707.4180675744924,2189.687187510453
ST6GAL1,1550.9254517520167,1547.7691896809663,1037.349714523862,1020.6495907745527
STK4,407.13547990734645,395.0259980037237,285.427143951213,335.8874498024159
STX7,238.03379993832212,235.5060690460096,160.6754872114095,163.10003367695754
SWAP70,136.79087866868278,161.51178261104516,176.28199607657737,175.6580578805821
TACC2,1711.4313698588214,818.1977914489527,640.9977077440177,664.6399265922852
TAGAP1,103.76387573263469,114.75228193018518,147.3456534025864,152.10036678915662
TAP1,457.2531932347129,404.5626333628695,303.6223253629987,327.1193889960461
TBX3,1044.8755120413357,645.11374939271,594.3214805774728,524.2382768616376
TBX3OS1,70.94932712483993,68.3376424291768,112.19449331278527,111.30086368703981
TFAM,313.04825677602025,386.58274726442244,378.0158823782745,401.6837432499314
TFE3,485.2841925682137,413.93197018536983,335.3636153622545,322.94371849835295
TGM1,390.9778613314465,344.571306694422,546.6683423105702,442.294842525162
THBD,187.05739759502544,97.70513004050258,84.11035481383178,96.95878233644298
THBS1,114.3843742195725,43.81416910234166,36.79622297955117,21.966279790460103
TIMM17A,267.52791794501,278.39555775697625,320.97894209287625,351.7850132607011
TLCD1,292.772949386631,267.28532682189564,412.77306360445954,454.52309469286024
TMC3,7.705350769209733,7.3840978797385555,79.56131720413026,14.607949277453464
TMED2,1023.2137067039768,1096.7325723909823,1255.2695742476105,1191.6029518085568
TMEM150A,1054.2697433663614,1167.463082985336,1365.729538018308,978.079521281627
TMEM260,583.101565035484,528.1154977842282,414.1720237791904,446.5821692142876
TMEM268,108.43787095420818,117.11850271225815,164.66711131910915,119.04072851610161
TMEM41B,245.18284429944762,280.5471478464388,317.7293580267425,336.6543901628173
TNFRSF1A,1545.0156465487437,915.3462547677835,758.1785214876737,755.432037982186
TPST1,175.75141287415502,201.11646498488182,255.93903756793623,225.79284731049208
TRAFD1,951.6751398435495,841.9539258142574,705.7323222134532,808.4807684095599
TRAM1,1671.1889157730882,1885.4808009476328,2189.099004927362,1707.7329919913168
TRP53,292.9021292124794,211.41784724892247,190.88858809005922,197.9421755822399
TRP53INP2,1849.4083884511724,2228.284311970453,2402.9931082823646,2555.5501691804716
TSHZ1,294.10245238251133,310.04930497630096,355.50951530594807,342.5346334333686
TSPYL2,74.4011554775244,92.48652079073536,109.93859302308738,99.99061458477195
TTC39AOS1,6.881813006511886,5.5370705309034784,22.471158911997268,10.628377828944261
TUBB4B-PS2,49.42557331624617,38.98902340223827,16.049975414612874,12.16269807531412
TXNDC16,80.72666207595204,105.25930968315905,129.29211506414745,118.4423728151109
TXNRD1,2292.799155690352,2053.7565048441074,1562.0670754945832,1711.996257493846
UCP2,409.8666707728659,357.6816532889039,538.5612395459932,384.46696482884977
UFC1,468.97111461614975,464.26121251048204,541.455405838423,494.9096081261201
UGGT1,1801.965206595671,1908.9010111392383,2237.6078032444907,1698.0240983911203
UGT1A6A,170.6240115200301,170.78561242346174,239.92549945581655,257.32456298322694
USP3,539.4100406563489,434.76703648730546,390.7184180990934,462.5597950417287
USP6NL,834.430394932609,668.4855791703259,420.35211117069616,454.7634171531131
UTRN,1721.3984397473414,1729.310271067608,2033.2419984390615,2209.7550895752747
VAULTRC5,64.99617008228795,33.50855599568652,26.975234632931205,21.62612091117077
VEGFC,60.2914594589405,39.63299932910551,25.038151342495695,29.5452792995511
VLDLR,234.82735924139416,218.11973443543198,125.5252335715328,216.66093984575596
VSIR,260.216760430533,165.67101116471508,165.60960705923875,143.95961211927346
VWA8,3892.2896093753907,3886.239889019607,4416.366336659538,5781.060713452463
WDCP,204.04520771081093,140.97674765988398,133.57395202479265,138.22859798336683
WDR13,358.1655306493809,439.0916465210674,436.5368549754326,383.60642622553405
WHAMM,469.32162047316837,545.9618699427642,668.2287918926951,586.452200560244
WIPF2,272.33774676961946,242.79747392812274,183.17232187753407,217.15915807161824
WNT2,107.37559931294147,67.33204233545095,48.253482111641006,48.17086072857743
WSB1,795.1475167877279,730.4155615312573,366.7776698727844,543.8490770821764
XBP1,3223.4947518294407,2580.685225105309,2018.391543198556,2154.5676589620093
YIF1A,454.51978444346423,388.164177330734,601.8297714988823,606.1592455271674
YIPF2,221.8806172138806,236.33383673547672,315.247217986639,275.6434339260775
YRDC,161.7708966814195,157.44878913039096,215.072725033723,226.58465867388605
ZFAND4,224.02700419527105,306.8973211830476,332.70494142860593,354.0563720294156
ZFP386,130.38875134503783,146.18592818662358,80.79274305640996,108.57908077573116
ZFP467,178.06656678608468,253.1686913664638,344.4738844873444,336.71843585805163
ZFP518B,74.6946663824535,60.007392378708424,31.910365451893053,34.446722425092155
ZFP609,390.6362271773448,392.873730285369,479.943048677491,524.0918264665588
ZFP715,220.86868674751568,240.34114369553797,279.90099045039443,304.029668118739
ZFP770,130.81366000154452,98.67040090881835,81.55459939166951,89.03308783253813
MT-CO2,3101.159099051348,3064.3563132008503,2046.557871638118,2427.7482022625436
MT-CO3,3892.991292206298,3842.357429787759,2624.1332597971873,3220.2606659331323
MT-ND3,276.1685784553673,253.08255150703582,178.4586316666511,175.82717541743958
